{"cameraMode":{"drawMode":0,"name":"Shaded","section":"Shading Mode"},"sceneLighting":true,"audioPlay":false,"sceneViewState":{"m_AlwaysRefresh":false,"showFog":true,"showSkybox":true,"showFlares":true,"showImageEffects":true,"showParticleSystems":true,"showVisualEffectGraphs":true,"m_FxEnabled":false},"in2DMode":false,"pivot":{"x":387.5483093261719,"y":79.4154052734375,"z":277.4214782714844},"rotation":{"x":0.014007862657308579,"y":0.8972358703613281,"z":-0.44041770696640017,"w":0.028543682768940927},"size":185.36439514160157,"orthographic":false}