{"cameraMode":{"drawMode":0,"name":"Shaded","section":"Shading Mode"},"sceneLighting":true,"audioPlay":false,"sceneViewState":{"m_AlwaysRefresh":false,"showFog":true,"showSkybox":true,"showFlares":true,"showImageEffects":true,"showParticleSystems":true,"showVisualEffectGraphs":true,"m_FxEnabled":false},"in2DMode":false,"pivot":{"x":250.1425018310547,"y":98.97956848144531,"z":249.66021728515626},"rotation":{"x":0.30941370129585268,"y":0.048469606786966327,"z":-0.015793796628713609,"w":0.9495602250099182},"size":8.660889625549317,"orthographic":false}