{"cameraMode":{"drawMode":0,"name":"Shaded","section":"Shading Mode"},"sceneLighting":true,"audioPlay":false,"sceneViewState":{"m_AlwaysRefresh":false,"showFog":true,"showSkybox":true,"showFlares":true,"showImageEffects":true,"showParticleSystems":true,"showVisualEffectGraphs":true,"m_FxEnabled":false},"in2DMode":false,"pivot":{"x":280.9662780761719,"y":168.42723083496095,"z":-22.615890502929689},"rotation":{"x":0.24497854709625245,"y":-0.004362890962511301,"z":0.0011024168925359846,"w":0.9695184230804443},"size":34.20303726196289,"orthographic":false}