{"cameraMode":{"drawMode":0,"name":"Shaded","section":"Shading Mode"},"sceneLighting":false,"audioPlay":false,"sceneViewState":{"m_AlwaysRefresh":false,"showFog":true,"showSkybox":false,"showFlares":true,"showImageEffects":true,"showParticleSystems":true,"showVisualEffectGraphs":true,"m_FxEnabled":true},"in2DMode":false,"pivot":{"x":-0.023389577865600587,"y":-0.07050883769989014,"z":-0.5343830585479736},"rotation":{"x":-0.10488675534725189,"y":0.865520715713501,"z":-0.20385180413722993,"w":-0.44533082842826846},"size":2.9660251140594484,"orthographic":false}