{"cameraMode":{"drawMode":0,"name":"Shaded","section":"Shading Mode"},"sceneLighting":true,"audioPlay":false,"sceneViewState":{"m_AlwaysRefresh":false,"showFog":true,"showSkybox":true,"showFlares":true,"showImageEffects":true,"showParticleSystems":true,"showVisualEffectGraphs":true,"m_FxEnabled":true},"in2DMode":false,"pivot":{"x":-1.796536922454834,"y":-29.821208953857423,"z":84.14541625976563},"rotation":{"x":-0.14057429134845735,"y":0.02821301855146885,"z":-0.004007489886134863,"w":-0.9896610379219055},"size":66.88065338134766,"orthographic":false}